janela,de,para,painel,compra,n,encadeia
seq,22/09n,23/09m,-1.01,-1.39,22,sim
seq,23/09m,23/09n,-3.64,-2.98,18,sim
seq,23/09n,24/09m,3.01,3.34,23,sim
seq,24/09m,24/09n,2.59,2.17,13,sim
seq,24/09n,25/09m,1.11,0.63,19,sim
seq,25/09m,25/09n,2.51,2.64,12,sim
seq,25/09n,26/09m,0.73,0.99,21,sim
seq,26/09m,26/09n,0.41,-0.45,17,sim
24h,22/09n,23/09n,-4.67,-4.81,22,nao
24h,23/09m,24/09m,-0.74,0.73,18,nao
24h,23/09n,24/09n,5.72,6.45,23,nao
24h,24/09m,25/09m,3.75,2.82,13,nao
24h,24/09n,25/09n,3.64,2.70,19,nao
24h,25/09m,26/09m,3.24,3.64,12,nao
24h,25/09n,26/09n,1.14,0.91,21,nao
seq,26/09n,27/09m,1.54,1.50,23,sim
24h,26/09m,27/09m,1.97,1.22,17,nao
seq,27/09m,27/09n,1.35,0.60,17,sim
24h,26/09n,27/09n,2.92,3.26,23,nao
seq,27/09n,28/09m,-4.68,-4.86,21,sim
24h,27/09m,28/09m,-3.45,-3.47,17,nao
seq,28/09m,28/09n,-0.12,-0.03,8,sim
24h,27/09n,28/09n,-4.77,-4.55,21,nao
seq,28/09n,29/09m,2.17,2.33,25,sim
24h,28/09m,29/09m,2.06,1.83,8,nao
seq,29/09m,29/09n,-1.21,-1.03,15,sim
24h,28/09n,29/09n,0.92,1.01,25,nao
seq,29/09n,30/09m,1.38,1.12,22,sim
24h,29/09m,30/09m,0.16,0.67,15,nao
seq,30/09m,30/09n,-1.76,-1.90,13,sim
24h,29/09n,30/09n,-0.40,-0.90,22,nao
seq,30/09n,01/10m,-0.27,-0.40,24,sim
24h,30/09m,01/10m,-2.03,-1.56,13,nao
seq,01/10m,01/10n,0.98,0.39,21,sim
24h,30/09n,01/10n,0.72,-0.01,24,nao
seq,01/10n,02/10m,2.70,2.71,24,sim
24h,01/10m,02/10m,3.70,3.06,21,nao
seq,02/10m,02/10n,-2.85,-2.58,10,sim
24h,01/10n,02/10n,-0.26,-0.49,24,nao
seq,02/10n,03/10m,1.53,1.73,20,sim
24h,02/10m,03/10m,-1.40,-0.97,10,nao
seq,03/10m,03/10n,0.77,1.15,14,sim
24h,02/10n,03/10n,2.28,2.42,20,nao
seq,03/10n,04/10m,-0.39,-0.24,23,sim
24h,03/10m,04/10m,0.38,1.02,14,nao
seq,04/10m,04/10n,0.73,0.86,21,sim
24h,03/10n,04/10n,0.34,0.59,23,nao
seq,04/10n,05/10m,0.36,0.35,25,sim
24h,04/10m,05/10m,1.09,1.74,21,nao
seq,05/10m,05/10n,0.32,0.57,20,sim
24h,04/10n,05/10n,0.68,0.82,25,nao
seq,05/10n,06/10m,0.06,-0.03,25,sim
24h,05/10m,06/10m,0.38,0.48,20,nao
seq,06/10m,06/10n,-1.02,-1.25,22,sim
24h,05/10n,06/10n,-0.96,-1.12,25,nao
seq,06/10n,07/10m,-5.35,-5.43,25,sim
24h,06/10m,07/10m,-6.33,-6.69,22,nao
